goal,task,fire_team,state,radio_silence,node,ignored_node,process_type,resource_qty,duration,time_since_start,goal_duration,type_a_count,type_b_count,type_c_count,info_experiment_code,info_run_number,flow_control_update_time
Goal number f34f40df,T #1,fire_team_a,manoeuvre,false,n1,n1,type_c,1,5309,5384,42301,1,3,2,SwitchMode1,2,n_a
Goal number f34f40df,T #2,fire_team_a,manoeuvre,false,n2,n5,type_c,3,15315,20763,42301,1,3,2,SwitchMode1,2,n_a
Goal number f34f40df,T #3,fire_team_a,manoeuvre,false,n2,n6,type_b,1,3641,24478,42301,1,3,2,SwitchMode1,2,n_a
Goal number f34f40df,T #4,fire_team_a,manoeuvre,false,n2,n6,type_b,1,3620,28144,42301,1,3,2,SwitchMode1,2,n_a
Goal number f34f40df,T #5,fire_team_a,manoeuvre,false,n2,n4,type_a,1,10315,38584,42301,1,3,2,SwitchMode1,2,n_a
Goal number f34f40df,T #6,fire_team_a,manoeuvre,false,n2,n5,type_b,1,3631,42261,42301,1,3,2,SwitchMode1,2,n_a
Goal number 546bafce,T #1,fire_team_a,manoeuvre,false,n2,n3,type_a,1,10407,10493,50487,1,4,1,SwitchMode1,2,n_a
Goal number 546bafce,T #2,fire_team_a,manoeuvre,false,n2,n2,type_c,2,10398,20957,50487,1,4,1,SwitchMode1,2,n_a
Goal number 546bafce,T #3,fire_team_a,manoeuvre,false,n1,n1,type_b,2,7357,28371,50487,1,4,1,SwitchMode1,2,n_a
Goal number 546bafce,T #4,fire_team_a,manoeuvre,false,n1,n4,type_b,1,3818,32239,50487,1,4,1,SwitchMode1,2,n_a
Goal number 546bafce,T #5,fire_team_a,manoeuvre,false,n1,n6,type_b,2,7501,39783,50487,1,4,1,SwitchMode1,2,n_a
Goal number 546bafce,T #6,fire_team_a,manoeuvre,false,n1,n1,type_b,3,10594,50435,50487,1,4,1,SwitchMode1,2,n_a
Goal number 77cb2c04,T #1,fire_team_a,manoeuvre,false,n3,n2,type_a,1,10377,10485,96846,4,1,1,SwitchMode1,2,n_a
Goal number 77cb2c04,T #2,fire_team_a,manoeuvre,false,n1,n1,type_c,3,15363,25903,96846,4,1,1,SwitchMode1,2,n_a
Goal number 77cb2c04,T #3,fire_team_a,manoeuvre,false,n1,n1,type_a,1,10260,36225,96846,4,1,1,SwitchMode1,2,n_a
Goal number 77cb2c04,T #4,fire_team_a,manoeuvre,false,n3,n3,type_a,2,20276,56582,96846,4,1,1,SwitchMode1,2,n_a
Goal number 77cb2c04,T #5,fire_team_a,manoeuvre,false,n3,n6,type_a,3,30685,87332,96846,4,1,1,SwitchMode1,2,n_a
Goal number 77cb2c04,T #6,fire_team_a,manoeuvre,false,n1,n4,type_b,2,9432,96805,96846,4,1,1,SwitchMode1,2,n_a
Goal number 7f99db97,T #1,fire_team_a,manoeuvre,false,n2,n1,type_a,1,10336,10401,82980,2,0,4,SwitchMode1,2,n_a
Goal number 7f99db97,T #2,fire_team_a,manoeuvre,false,n1,n1,type_a,3,30599,41151,82980,2,0,4,SwitchMode1,2,n_a
Goal number 7f99db97,T #3,fire_team_a,manoeuvre,false,n1,n3,type_c,2,10500,51693,82980,2,0,4,SwitchMode1,2,n_a
Goal number 7f99db97,T #4,fire_team_a,manoeuvre,false,n2,n2,type_c,2,10312,62057,82980,2,0,4,SwitchMode1,2,n_a
Goal number 7f99db97,T #5,fire_team_a,manoeuvre,false,n2,n4,type_c,2,10433,72554,82980,2,0,4,SwitchMode1,2,n_a
Goal number 7f99db97,T #6,fire_team_a,manoeuvre,false,n1,n1,type_c,2,10336,82932,82980,2,0,4,SwitchMode1,2,n_a
Goal number 18685dd8,T #1,fire_team_a,manoeuvre,false,n2,n6,type_a,1,10267,10316,110533,3,2,1,SwitchMode1,2,n_a
Goal number 18685dd8,T #2,fire_team_a,manoeuvre,false,n3,n2,type_a,3,35110,45477,110533,3,2,1,SwitchMode1,2,n_a
Goal number 18685dd8,T #3,fire_team_a,manoeuvre,false,n1,n3,type_c,2,10298,55839,110533,3,2,1,SwitchMode1,2,n_a
Goal number 18685dd8,T #4,fire_team_a,manoeuvre,false,n1,n4,type_b,1,6748,62641,110533,3,2,1,SwitchMode1,2,n_a
Goal number 18685dd8,T #5,fire_team_a,manoeuvre,false,n2,n6,type_b,3,11773,74463,110533,3,2,1,SwitchMode1,2,n_a
Goal number 18685dd8,T #6,fire_team_a,manoeuvre,false,n3,n3,type_a,3,35967,110491,110533,3,2,1,SwitchMode1,2,n_a
Goal number 49fbc2c6,T #1,fire_team_a,manoeuvre,false,n1,n2,type_c,2,10448,10514,73300,2,2,2,SwitchMode1,2,n_a
Goal number 49fbc2c6,T #2,fire_team_a,manoeuvre,false,n3,n6,type_a,2,20320,30890,73300,2,2,2,SwitchMode1,2,n_a
Goal number 49fbc2c6,T #3,fire_team_a,manoeuvre,false,n2,n5,type_b,1,4300,35242,73300,2,2,2,SwitchMode1,2,n_a
Goal number 49fbc2c6,T #4,fire_team_a,manoeuvre,false,n3,n2,type_c,2,10400,45684,73300,2,2,2,SwitchMode1,2,n_a
Goal number 49fbc2c6,T #5,fire_team_a,manoeuvre,false,n3,n2,type_a,2,20401,66160,73300,2,2,2,SwitchMode1,2,n_a
Goal number 49fbc2c6,T #6,fire_team_a,manoeuvre,false,n3,n5,type_b,2,6971,73194,73300,2,2,2,SwitchMode1,2,n_a
Goal number 7f8f32ac,T #1,fire_team_a,manoeuvre,false,n1,n3,type_a,2,20284,20356,72588,3,0,3,SwitchMode1,2,n_a
Goal number 7f8f32ac,T #2,fire_team_a,manoeuvre,false,n1,n5,type_a,1,10606,31024,72588,3,0,3,SwitchMode1,2,n_a
Goal number 7f8f32ac,T #3,fire_team_a,manoeuvre,false,n1,n3,type_c,2,10350,41426,72588,3,0,3,SwitchMode1,2,n_a
Goal number 7f8f32ac,T #4,fire_team_a,manoeuvre,false,n1,n5,type_c,1,5312,46766,72588,3,0,3,SwitchMode1,2,n_a
Goal number 7f8f32ac,T #5,fire_team_a,manoeuvre,false,n2,n1,type_a,2,20335,67152,72588,3,0,3,SwitchMode1,2,n_a
Goal number 7f8f32ac,T #6,fire_team_a,manoeuvre,false,n2,n3,type_c,1,5253,72469,72588,3,0,3,SwitchMode1,2,n_a
Goal number b5bdaedc,T #1,fire_team_a,manoeuvre,false,n2,n2,type_c,1,5347,5409,54544,2,3,1,SwitchMode1,2,n_a
Goal number b5bdaedc,T #2,fire_team_a,manoeuvre,false,n2,n4,type_a,1,10361,15831,54544,2,3,1,SwitchMode1,2,n_a
Goal number b5bdaedc,T #3,fire_team_a,manoeuvre,false,n2,n5,type_b,2,6950,22916,54544,2,3,1,SwitchMode1,2,n_a
Goal number b5bdaedc,T #4,fire_team_a,manoeuvre,false,n3,n4,type_b,2,7094,30043,54544,2,3,1,SwitchMode1,2,n_a
Goal number b5bdaedc,T #5,fire_team_a,manoeuvre,false,n3,n2,type_a,1,10253,40349,54544,2,3,1,SwitchMode1,2,n_a
Goal number b5bdaedc,T #6,fire_team_a,manoeuvre,false,n1,n2,type_b,2,14043,54432,54544,2,3,1,SwitchMode1,2,n_a
Goal number a4e2e8cd,T #1,fire_team_a,manoeuvre,false,n3,n2,type_a,1,10346,10424,70764,2,1,3,SwitchMode1,2,n_a
Goal number a4e2e8cd,T #2,fire_team_a,manoeuvre,false,n3,n6,type_b,1,3656,14137,70764,2,1,3,SwitchMode1,2,n_a
Goal number a4e2e8cd,T #3,fire_team_a,manoeuvre,false,n3,n2,type_c,1,5376,19570,70764,2,1,3,SwitchMode1,2,n_a
Goal number a4e2e8cd,T #4,fire_team_a,manoeuvre,false,n1,n2,type_c,3,15330,34954,70764,2,1,3,SwitchMode1,2,n_a
Goal number a4e2e8cd,T #5,fire_team_a,manoeuvre,false,n3,n1,type_c,1,5301,40324,70764,2,1,3,SwitchMode1,2,n_a
Goal number a4e2e8cd,T #6,fire_team_a,manoeuvre,false,n1,n6,type_a,3,30360,70737,70764,2,1,3,SwitchMode1,2,n_a
Goal number a0a03a8d,T #1,fire_team_a,manoeuvre,false,n3,n4,type_a,1,10417,10498,72015,2,2,2,SwitchMode1,2,n_a
Goal number a0a03a8d,T #2,fire_team_a,manoeuvre,false,n2,n3,type_b,2,6971,17515,72015,2,2,2,SwitchMode1,2,n_a
Goal number a0a03a8d,T #3,fire_team_a,manoeuvre,false,n2,n6,type_c,3,23254,40833,72015,2,2,2,SwitchMode1,2,n_a
Goal number a0a03a8d,T #4,fire_team_a,manoeuvre,false,n3,n4,type_b,3,10354,51249,72015,2,2,2,SwitchMode1,2,n_a
Goal number a0a03a8d,T #5,fire_team_a,manoeuvre,false,n2,n6,type_a,1,10344,61654,72015,2,2,2,SwitchMode1,2,n_a
Goal number a0a03a8d,T #6,fire_team_a,manoeuvre,false,n3,n1,type_c,2,10284,71989,72015,2,2,2,SwitchMode1,2,n_a
Goal number e8ce562c,T #1,fire_team_a,manoeuvre,false,n2,n6,type_b,2,6933,7002,76158,1,3,2,SwitchMode1,2,n_a
Goal number e8ce562c,T #2,fire_team_a,manoeuvre,false,n1,n4,type_b,3,15599,22658,76158,1,3,2,SwitchMode1,2,n_a
Goal number e8ce562c,T #3,fire_team_a,manoeuvre,false,n3,n3,type_c,2,10338,33060,76158,1,3,2,SwitchMode1,2,n_a
Goal number e8ce562c,T #4,fire_team_a,manoeuvre,false,n1,n4,type_a,3,30406,63524,76158,1,3,2,SwitchMode1,2,n_a
Goal number e8ce562c,T #5,fire_team_a,manoeuvre,false,n2,n3,type_c,1,5394,68975,76158,1,3,2,SwitchMode1,2,n_a
Goal number e8ce562c,T #6,fire_team_a,manoeuvre,false,n1,n5,type_b,2,7019,76045,76158,1,3,2,SwitchMode1,2,n_a
Goal number 6dfbee27,T #1,fire_team_a,manoeuvre,false,n1,n1,type_b,3,10269,10351,74153,1,2,3,SwitchMode1,2,n_a
Goal number 6dfbee27,T #2,fire_team_a,manoeuvre,false,n1,n6,type_a,2,20313,30815,74153,1,2,3,SwitchMode1,2,n_a
Goal number 6dfbee27,T #3,fire_team_a,manoeuvre,false,n2,n2,type_c,2,10408,41277,74153,1,2,3,SwitchMode1,2,n_a
Goal number 6dfbee27,T #4,fire_team_a,manoeuvre,false,n2,n1,type_c,2,10326,51681,74153,1,2,3,SwitchMode1,2,n_a
Goal number 6dfbee27,T #5,fire_team_a,manoeuvre,false,n1,n2,type_b,2,7008,58739,74153,1,2,3,SwitchMode1,2,n_a
Goal number 6dfbee27,T #6,fire_team_a,manoeuvre,false,n1,n6,type_c,3,15311,74118,74153,1,2,3,SwitchMode1,2,n_a
Goal number 65648d2b,T #1,fire_team_a,manoeuvre,false,n3,n2,type_c,3,15360,15459,55771,1,3,2,SwitchMode1,2,n_a
Goal number 65648d2b,T #2,fire_team_a,manoeuvre,false,n3,n1,type_a,1,10294,25810,55771,1,3,2,SwitchMode1,2,n_a
Goal number 65648d2b,T #3,fire_team_a,manoeuvre,false,n1,n4,type_b,2,7055,32917,55771,1,3,2,SwitchMode1,2,n_a
Goal number 65648d2b,T #4,fire_team_a,manoeuvre,false,n3,n1,type_b,1,3625,36616,55771,1,3,2,SwitchMode1,2,n_a
Goal number 65648d2b,T #5,fire_team_a,manoeuvre,false,n3,n2,type_b,1,3693,40384,55771,1,3,2,SwitchMode1,2,n_a
Goal number 65648d2b,T #6,fire_team_a,manoeuvre,false,n1,n3,type_c,3,15269,55712,55771,1,3,2,SwitchMode1,2,n_a
Goal number e2611981,T #1,fire_team_a,manoeuvre,false,n3,n3,type_c,3,15332,15409,89152,2,2,2,SwitchMode1,2,n_a
Goal number e2611981,T #2,fire_team_a,manoeuvre,false,n2,n2,type_b,3,10432,25901,89152,2,2,2,SwitchMode1,2,n_a
Goal number e2611981,T #3,fire_team_a,manoeuvre,false,n1,n1,type_a,3,30315,56274,89152,2,2,2,SwitchMode1,2,n_a
Goal number e2611981,T #4,fire_team_a,manoeuvre,false,n1,n3,type_b,2,6946,63283,89152,2,2,2,SwitchMode1,2,n_a
Goal number e2611981,T #5,fire_team_a,manoeuvre,false,n3,n2,type_a,1,10298,73710,89152,2,2,2,SwitchMode1,2,n_a
Goal number e2611981,T #6,fire_team_a,manoeuvre,false,n1,n6,type_c,3,15332,89109,89152,2,2,2,SwitchMode1,2,n_a
Goal number 29ed323e,T #1,fire_team_a,manoeuvre,false,n2,n6,type_a,2,20360,20424,97912,2,0,4,SwitchMode1,2,n_a
Goal number 29ed323e,T #2,fire_team_a,manoeuvre,false,n2,n5,type_c,2,19545,40041,97912,2,0,4,SwitchMode1,2,n_a
Goal number 29ed323e,T #3,fire_team_a,manoeuvre,false,n1,n2,type_c,2,12393,52480,97912,2,0,4,SwitchMode1,2,n_a
Goal number 29ed323e,T #4,fire_team_a,manoeuvre,false,n1,n1,type_c,1,6528,59079,97912,2,0,4,SwitchMode1,2,n_a
Goal number 29ed323e,T #5,fire_team_b,manoeuvre,false,n6,n2,type_c,3,15393,74523,97912,2,0,4,SwitchMode1,2,n_a
Goal number 29ed323e,T #6,fire_team_b,manoeuvre,false,n5,n1,type_a,2,23202,97784,97912,2,0,4,SwitchMode1,2,n_a
Goal number 005e1088,T #1,fire_team_a,manoeuvre,false,n2,n4,type_c,1,5780,5860,132523,1,0,5,SwitchMode1,2,n_a
Goal number 005e1088,T #2,fire_team_a,manoeuvre,false,n2,n6,type_c,3,15393,21317,132523,1,0,5,SwitchMode1,2,n_a
Goal number 005e1088,T #3,fire_team_a,manoeuvre,false,n3,n2,type_c,3,15299,36663,132523,1,0,5,SwitchMode1,2,n_a
Goal number 005e1088,T #4,fire_team_b,manoeuvre,false,n4,n5,type_c,3,15299,52025,132523,1,0,5,SwitchMode1,2,n_a
Goal number 005e1088,T #5,fire_team_b,manoeuvre,false,n6,n2,type_c,2,14970,67063,132523,1,0,5,SwitchMode1,2,n_a
Goal number 005e1088,T #6,fire_team_b,manoeuvre,false,n5,n5,type_a,3,65363,132477,132523,1,0,5,SwitchMode1,2,n_a
Goal number 4c293caa,T #1,fire_team_a,manoeuvre,false,n2,n5,type_c,3,15319,15392,183767,3,0,3,SwitchMode1,2,n_a
Goal number 4c293caa,T #2,fire_team_b,manoeuvre,false,n5,n3,type_a,2,20276,35721,183767,3,0,3,SwitchMode1,2,n_a
Goal number 4c293caa,T #3,fire_team_b,manoeuvre,false,n4,n2,type_c,2,17867,53639,183767,3,0,3,SwitchMode1,2,n_a
Goal number 4c293caa,T #4,fire_team_b,manoeuvre,false,n4,n1,type_c,2,60801,114507,183767,3,0,3,SwitchMode1,2,n_a
Goal number 4c293caa,T #5,fire_team_b,manoeuvre,false,n5,n2,type_a,1,25813,140373,183767,3,0,3,SwitchMode1,2,n_a
Goal number 4c293caa,T #6,fire_team_b,manoeuvre,false,n4,n6,type_a,3,43309,183725,183767,3,0,3,SwitchMode1,2,n_a
Goal number d62b9e78,T #1,fire_team_a,manoeuvre,false,n2,n5,type_a,3,30333,30400,209181,2,1,3,SwitchMode1,2,n_a
Goal number d62b9e78,T #2,fire_team_b,manoeuvre,false,n4,n2,type_a,1,15885,46336,209181,2,1,3,SwitchMode1,2,n_a
Goal number d62b9e78,T #3,fire_team_b,manoeuvre,false,n5,n3,type_c,3,27667,74127,209181,2,1,3,SwitchMode1,2,n_a
Goal number d62b9e78,T #4,fire_team_b,manoeuvre,false,n4,n6,type_c,3,82362,156562,209181,2,1,3,SwitchMode1,2,n_a
Goal number d62b9e78,T #5,fire_team_b,manoeuvre,false,n6,n6,type_b,2,34215,190838,209181,2,1,3,SwitchMode1,2,n_a
Goal number d62b9e78,T #6,fire_team_b,manoeuvre,false,n5,n4,type_c,3,18111,209126,209181,2,1,3,SwitchMode1,2,n_a
Goal number 20323ac1,T #1,fire_team_a,manoeuvre,false,n1,n4,type_a,2,20626,20716,208510,3,0,3,SwitchMode1,2,n_a
Goal number 20323ac1,T #2,fire_team_b,manoeuvre,false,n4,n2,type_c,1,6261,27048,208510,3,0,3,SwitchMode1,2,n_a
Goal number 20323ac1,T #3,fire_team_b,manoeuvre,false,n6,n6,type_a,1,19906,47012,208510,3,0,3,SwitchMode1,2,n_a
Goal number 20323ac1,T #4,fire_team_b,manoeuvre,false,n4,n4,type_a,3,41056,88145,208510,3,0,3,SwitchMode1,2,n_a
Goal number 20323ac1,T #5,fire_team_b,manoeuvre,false,n5,n3,type_c,3,36021,124226,208510,3,0,3,SwitchMode1,2,n_a
Goal number 20323ac1,T #6,fire_team_b,manoeuvre,false,n4,n2,type_c,1,84182,208448,208510,3,0,3,SwitchMode1,2,n_a
Goal number e6f3ed8c,T #1,fire_team_b,manoeuvre,false,n6,n5,type_a,3,42126,42207,195968,5,1,0,SwitchMode1,2,n_a
Goal number e6f3ed8c,T #2,fire_team_b,manoeuvre,false,n4,n6,type_a,2,34862,77130,195968,5,1,0,SwitchMode1,2,n_a
Goal number e6f3ed8c,T #3,fire_team_b,manoeuvre,false,n5,n1,type_a,1,42369,119561,195968,5,1,0,SwitchMode1,2,n_a
Goal number e6f3ed8c,T #4,fire_team_b,manoeuvre,false,n4,n6,type_a,1,13221,132842,195968,5,1,0,SwitchMode1,2,n_a
Goal number e6f3ed8c,T #5,fire_team_b,manoeuvre,false,n6,n1,type_a,3,49381,182279,195968,5,1,0,SwitchMode1,2,n_a
Goal number e6f3ed8c,T #6,fire_team_b,manoeuvre,false,n6,n2,type_b,1,13609,195939,195968,5,1,0,SwitchMode1,2,n_a
Goal number f1493d1a,T #1,fire_team_b,manoeuvre,false,n6,n4,type_a,2,22639,22718,271205,2,3,1,SwitchMode1,2,n_a
Goal number f1493d1a,T #2,fire_team_b,manoeuvre,false,n6,n5,type_b,3,40290,63072,271205,2,3,1,SwitchMode1,2,n_a
Goal number f1493d1a,T #3,fire_team_b,manoeuvre,false,n6,n5,type_a,3,60420,123545,271205,2,3,1,SwitchMode1,2,n_a
Goal number f1493d1a,T #4,fire_team_b,manoeuvre,false,n4,n5,type_c,3,35131,158742,271205,2,3,1,SwitchMode1,2,n_a
Goal number f1493d1a,T #5,fire_team_b,manoeuvre,false,n5,n1,type_b,3,26120,184929,271205,2,3,1,SwitchMode1,2,n_a
Goal number f1493d1a,T #6,fire_team_b,manoeuvre,false,n5,n6,type_b,3,86172,271157,271205,2,3,1,SwitchMode1,2,n_a
Goal number 944cb5a4,T #1,fire_team_b,manoeuvre,false,n4,n1,type_b,1,7830,7907,221713,3,1,2,SwitchMode1,2,n_a
Goal number 944cb5a4,T #2,fire_team_b,manoeuvre,false,n5,n6,type_c,2,107024,115068,221713,3,1,2,SwitchMode1,2,n_a
Goal number 944cb5a4,T #3,fire_team_b,manoeuvre,false,n4,n3,type_a,2,21317,136452,221713,3,1,2,SwitchMode1,2,n_a
Goal number 944cb5a4,T #4,fire_team_b,manoeuvre,false,n5,n6,type_a,3,34148,170740,221713,3,1,2,SwitchMode1,2,n_a
Goal number 944cb5a4,T #5,fire_team_b,manoeuvre,false,n5,n3,type_c,2,30433,201235,221713,3,1,2,SwitchMode1,2,n_a
Goal number 944cb5a4,T #6,fire_team_b,manoeuvre,false,n5,n5,type_a,1,20364,221664,221713,3,1,2,SwitchMode1,2,n_a
Goal number c2246275,T #1,fire_team_b,manoeuvre,false,n6,n2,type_a,1,85234,85310,238668,2,2,2,SwitchMode1,2,n_a
Goal number c2246275,T #2,fire_team_b,manoeuvre,false,n5,n1,type_c,1,16844,102208,238668,2,2,2,SwitchMode1,2,n_a
Goal number c2246275,T #3,fire_team_b,manoeuvre,false,n4,n5,type_c,3,46757,149041,238668,2,2,2,SwitchMode1,2,n_a
Goal number c2246275,T #4,fire_team_b,manoeuvre,false,n4,n4,type_a,1,50699,199790,238668,2,2,2,SwitchMode1,2,n_a
Goal number c2246275,T #5,fire_team_b,manoeuvre,false,n5,n4,type_b,2,25970,225805,238668,2,2,2,SwitchMode1,2,n_a
Goal number c2246275,T #6,fire_team_b,manoeuvre,false,n6,n1,type_b,3,12642,238521,238668,2,2,2,SwitchMode1,2,n_a
Goal number 3bee68cb,T #1,fire_team_b,manoeuvre,false,n6,n1,type_b,2,104293,104372,284913,2,4,0,SwitchMode1,2,n_a
Goal number 3bee68cb,T #2,fire_team_b,manoeuvre,false,n5,n3,type_b,1,28629,133064,284913,2,4,0,SwitchMode1,2,n_a
Goal number 3bee68cb,T #3,fire_team_b,manoeuvre,false,n4,n3,type_b,2,11477,144620,284913,2,4,0,SwitchMode1,2,n_a
Goal number 3bee68cb,T #4,fire_team_b,manoeuvre,false,n6,n6,type_b,2,52879,197576,284913,2,4,0,SwitchMode1,2,n_a
Goal number 3bee68cb,T #5,fire_team_b,manoeuvre,false,n6,n6,type_a,1,30478,228102,284913,2,4,0,SwitchMode1,2,n_a
Goal number 3bee68cb,T #6,fire_team_b,manoeuvre,false,n6,n4,type_a,1,56715,284867,284913,2,4,0,SwitchMode1,2,n_a
Goal number 3d41497e,T #1,fire_team_a,manoeuvre,false,n1,n3,type_a,1,10318,10387,390503,3,1,2,SwitchMode1,2,n_a
Goal number 3d41497e,T #2,fire_team_a,manoeuvre,false,n3,n6,type_a,3,30577,41056,390503,3,1,2,SwitchMode1,2,n_a
Goal number 3d41497e,T #3,fire_team_b,manoeuvre,false,n5,n4,type_b,2,55631,96744,390503,3,1,2,SwitchMode1,2,n_a
Goal number 3d41497e,T #4,fire_team_b,manoeuvre,false,n4,n6,type_c,3,198999,295882,390503,3,1,2,SwitchMode1,2,n_a
Goal number 3d41497e,T #5,fire_team_b,manoeuvre,false,n4,n4,type_a,3,65558,361496,390503,3,1,2,SwitchMode1,2,n_a
Goal number 3d41497e,T #6,fire_team_b,manoeuvre,false,n6,n4,type_c,2,28923,390455,390503,3,1,2,SwitchMode1,2,n_a
Goal number e596e775,T #1,fire_team_b,manoeuvre,false,n5,n1,type_a,3,79649,79726,283742,2,2,2,SwitchMode1,2,n_a
Goal number e596e775,T #2,fire_team_b,manoeuvre,false,n5,n3,type_c,2,20351,100138,283742,2,2,2,SwitchMode1,2,n_a
Goal number e596e775,T #3,fire_team_b,manoeuvre,false,n4,n4,type_c,1,35435,135626,283742,2,2,2,SwitchMode1,2,n_a
Goal number e596e775,T #4,fire_team_b,manoeuvre,false,n6,n1,type_b,3,57894,193592,283742,2,2,2,SwitchMode1,2,n_a
Goal number e596e775,T #5,fire_team_b,manoeuvre,false,n5,n4,type_a,1,16759,210421,283742,2,2,2,SwitchMode1,2,n_a
Goal number e596e775,T #6,fire_team_b,manoeuvre,false,n5,n4,type_b,3,73126,283610,283742,2,2,2,SwitchMode1,2,n_a
Goal number 32d24fd7,T #1,fire_team_b,manoeuvre,false,n4,n4,type_c,2,12516,12591,288265,2,2,2,SwitchMode1,2,n_a
Goal number 32d24fd7,T #2,fire_team_b,manoeuvre,false,n5,n5,type_b,2,10735,23388,288265,2,2,2,SwitchMode1,2,n_a
Goal number 32d24fd7,T #3,fire_team_b,manoeuvre,false,n4,n2,type_a,2,187275,210717,288265,2,2,2,SwitchMode1,2,n_a
Goal number 32d24fd7,T #4,fire_team_b,manoeuvre,false,n6,n2,type_c,3,17425,228193,288265,2,2,2,SwitchMode1,2,n_a
Goal number 32d24fd7,T #5,fire_team_b,manoeuvre,false,n5,n4,type_a,2,38870,267116,288265,2,2,2,SwitchMode1,2,n_a
Goal number 32d24fd7,T #6,fire_team_b,manoeuvre,false,n4,n3,type_b,2,21066,288232,288265,2,2,2,SwitchMode1,2,n_a
Goal number f6b82573,T #1,fire_team_b,manoeuvre,false,n4,n5,type_a,1,15183,15256,333351,3,0,3,SwitchMode1,2,n_a
Goal number f6b82573,T #2,fire_team_b,manoeuvre,false,n6,n3,type_a,3,79920,95226,333351,3,0,3,SwitchMode1,2,n_a
Goal number f6b82573,T #3,fire_team_b,manoeuvre,false,n6,n5,type_c,3,69406,164688,333351,3,0,3,SwitchMode1,2,n_a
Goal number f6b82573,T #4,fire_team_b,manoeuvre,false,n5,n5,type_a,1,77732,242499,333351,3,0,3,SwitchMode1,2,n_a
Goal number f6b82573,T #5,fire_team_b,manoeuvre,false,n5,n5,type_c,1,72940,315495,333351,3,0,3,SwitchMode1,2,n_a
Goal number f6b82573,T #6,fire_team_b,manoeuvre,false,n6,n2,type_c,2,17774,333317,333351,3,0,3,SwitchMode1,2,n_a
Goal number 22e0ae54,T #1,fire_team_b,manoeuvre,false,n5,n1,type_c,3,159699,159780,296164,1,1,4,SwitchMode1,2,n_a
Goal number 22e0ae54,T #2,fire_team_b,manoeuvre,false,n6,n1,type_c,2,16639,176484,296164,1,1,4,SwitchMode1,2,n_a
Goal number 22e0ae54,T #3,fire_team_b,manoeuvre,false,n4,n5,type_c,1,14897,191426,296164,1,1,4,SwitchMode1,2,n_a
Goal number 22e0ae54,T #4,fire_team_b,manoeuvre,false,n4,n3,type_a,3,90716,282190,296164,1,1,4,SwitchMode1,2,n_a
Goal number 22e0ae54,T #5,fire_team_b,manoeuvre,false,n5,n5,type_b,2,8473,290703,296164,1,1,4,SwitchMode1,2,n_a
Goal number 22e0ae54,T #6,fire_team_b,manoeuvre,false,n5,n2,type_c,1,5346,296111,296164,1,1,4,SwitchMode1,2,n_a
Goal number 530ce59d,T #1,fire_team_b,manoeuvre,false,n6,n4,type_c,2,130409,130467,273257,1,2,3,SwitchMode1,2,n_a
Goal number 530ce59d,T #2,fire_team_b,manoeuvre,false,n6,n6,type_c,2,40947,171470,273257,1,2,3,SwitchMode1,2,n_a
Goal number 530ce59d,T #3,fire_team_b,manoeuvre,false,n6,n5,type_a,2,46340,217867,273257,1,2,3,SwitchMode1,2,n_a
Goal number 530ce59d,T #4,fire_team_b,manoeuvre,false,n4,n4,type_c,1,44403,262317,273257,1,2,3,SwitchMode1,2,n_a
Goal number 530ce59d,T #5,fire_team_b,manoeuvre,false,n6,n3,type_b,1,3668,266038,273257,1,2,3,SwitchMode1,2,n_a
Goal number 530ce59d,T #6,fire_team_b,manoeuvre,false,n4,n6,type_b,2,6965,273127,273257,1,2,3,SwitchMode1,2,n_a
Goal number f34f40df,T #1,fire_team_a,manoeuvre,false,n3,n1,type_c,1,5271,5326,43201,1,3,2,SwitchMode1,1,n_a
Goal number f34f40df,T #2,fire_team_a,manoeuvre,false,n3,n5,type_c,3,15730,21118,43201,1,3,2,SwitchMode1,1,n_a
Goal number f34f40df,T #3,fire_team_a,manoeuvre,false,n3,n6,type_b,1,3897,25072,43201,1,3,2,SwitchMode1,1,n_a
Goal number f34f40df,T #4,fire_team_a,manoeuvre,false,n1,n6,type_b,1,3757,28894,43201,1,3,2,SwitchMode1,1,n_a
Goal number f34f40df,T #5,fire_team_a,manoeuvre,false,n3,n4,type_a,1,10481,39444,43201,1,3,2,SwitchMode1,1,n_a
Goal number f34f40df,T #6,fire_team_a,manoeuvre,false,n2,n5,type_b,1,3669,43167,43201,1,3,2,SwitchMode1,1,n_a
Goal number 77cb2c04,T #1,fire_team_a,manoeuvre,false,n2,n2,type_a,1,10466,10508,94595,4,1,1,SwitchMode1,1,n_a
Goal number 77cb2c04,T #2,fire_team_a,manoeuvre,false,n3,n1,type_c,3,15355,25912,94595,4,1,1,SwitchMode1,1,n_a
Goal number 77cb2c04,T #3,fire_team_a,manoeuvre,false,n3,n1,type_a,1,10342,36311,94595,4,1,1,SwitchMode1,1,n_a
Goal number 77cb2c04,T #4,fire_team_a,manoeuvre,false,n1,n3,type_a,2,20730,57100,94595,4,1,1,SwitchMode1,1,n_a
Goal number 77cb2c04,T #5,fire_team_a,manoeuvre,false,n1,n6,type_a,3,30285,87449,94595,4,1,1,SwitchMode1,1,n_a
Goal number 77cb2c04,T #6,fire_team_a,manoeuvre,false,n2,n4,type_b,2,7033,94555,94595,4,1,1,SwitchMode1,1,n_a
Goal number 546bafce,T #1,fire_team_a,manoeuvre,false,n1,n3,type_a,1,10475,10553,49682,1,4,1,SwitchMode1,1,n_a
Goal number 546bafce,T #2,fire_team_a,manoeuvre,false,n3,n2,type_c,2,10566,21190,49682,1,4,1,SwitchMode1,1,n_a
Goal number 546bafce,T #3,fire_team_a,manoeuvre,false,n3,n1,type_b,2,7110,28349,49682,1,4,1,SwitchMode1,1,n_a
Goal number 546bafce,T #4,fire_team_a,manoeuvre,false,n1,n4,type_b,1,3735,32155,49682,1,4,1,SwitchMode1,1,n_a
Goal number 546bafce,T #5,fire_team_a,manoeuvre,false,n3,n6,type_b,2,6942,39141,49682,1,4,1,SwitchMode1,1,n_a
Goal number 546bafce,T #6,fire_team_a,manoeuvre,false,n3,n1,type_b,3,10376,49560,49682,1,4,1,SwitchMode1,1,n_a
Goal number 7f99db97,T #1,fire_team_a,manoeuvre,false,n2,n1,type_a,1,10383,10450,82409,2,0,4,SwitchMode1,1,n_a
Goal number 7f99db97,T #2,fire_team_a,manoeuvre,false,n2,n1,type_a,3,30279,40799,82409,2,0,4,SwitchMode1,1,n_a
Goal number 7f99db97,T #3,fire_team_a,manoeuvre,false,n2,n3,type_c,2,10278,51149,82409,2,0,4,SwitchMode1,1,n_a
Goal number 7f99db97,T #4,fire_team_a,manoeuvre,false,n3,n2,type_c,2,10401,61694,82409,2,0,4,SwitchMode1,1,n_a
Goal number 7f99db97,T #5,fire_team_a,manoeuvre,false,n2,n4,type_c,2,10284,72052,82409,2,0,4,SwitchMode1,1,n_a
Goal number 7f99db97,T #6,fire_team_a,manoeuvre,false,n2,n1,type_c,2,10277,82371,82409,2,0,4,SwitchMode1,1,n_a
Goal number 49fbc2c6,T #1,fire_team_a,manoeuvre,false,n1,n2,type_c,2,10310,10368,72127,2,2,2,SwitchMode1,1,n_a
Goal number 49fbc2c6,T #2,fire_team_a,manoeuvre,false,n1,n6,type_a,2,20295,30708,72127,2,2,2,SwitchMode1,1,n_a
Goal number 49fbc2c6,T #3,fire_team_a,manoeuvre,false,n1,n5,type_b,1,3689,34454,72127,2,2,2,SwitchMode1,1,n_a
Goal number 49fbc2c6,T #4,fire_team_a,manoeuvre,false,n2,n2,type_c,2,10292,44801,72127,2,2,2,SwitchMode1,1,n_a
Goal number 49fbc2c6,T #5,fire_team_a,manoeuvre,false,n3,n2,type_a,2,20253,65113,72127,2,2,2,SwitchMode1,1,n_a
Goal number 49fbc2c6,T #6,fire_team_a,manoeuvre,false,n3,n5,type_b,2,6920,72085,72127,2,2,2,SwitchMode1,1,n_a
Goal number 18685dd8,T #1,fire_team_a,manoeuvre,false,n1,n6,type_a,1,10334,10395,121280,3,2,1,SwitchMode1,1,n_a
Goal number 18685dd8,T #2,fire_team_a,manoeuvre,false,n2,n2,type_a,3,55624,66083,121280,3,2,1,SwitchMode1,1,n_a
Goal number 18685dd8,T #3,fire_team_a,manoeuvre,false,n1,n3,type_c,2,10368,76504,121280,3,2,1,SwitchMode1,1,n_a
Goal number 18685dd8,T #4,fire_team_a,manoeuvre,false,n1,n4,type_b,1,3622,80180,121280,3,2,1,SwitchMode1,1,n_a
Goal number 18685dd8,T #5,fire_team_a,manoeuvre,false,n1,n6,type_b,3,10654,90888,121280,3,2,1,SwitchMode1,1,n_a
Goal number 18685dd8,T #6,fire_team_a,manoeuvre,false,n1,n3,type_a,3,30299,121243,121280,3,2,1,SwitchMode1,1,n_a
Goal number 7f8f32ac,T #1,fire_team_a,manoeuvre,false,n1,n3,type_a,2,20393,20475,72542,3,0,3,SwitchMode1,1,n_a
Goal number 7f8f32ac,T #2,fire_team_a,manoeuvre,false,n1,n5,type_a,1,10397,30912,72542,3,0,3,SwitchMode1,1,n_a
Goal number 7f8f32ac,T #3,fire_team_a,manoeuvre,false,n1,n3,type_c,2,10362,41340,72542,3,0,3,SwitchMode1,1,n_a
Goal number 7f8f32ac,T #4,fire_team_a,manoeuvre,false,n1,n5,type_c,1,5291,46750,72542,3,0,3,SwitchMode1,1,n_a
Goal number 7f8f32ac,T #5,fire_team_a,manoeuvre,false,n2,n1,type_a,2,20259,67108,72542,3,0,3,SwitchMode1,1,n_a
Goal number 7f8f32ac,T #6,fire_team_a,manoeuvre,false,n2,n3,type_c,1,5253,72421,72542,3,0,3,SwitchMode1,1,n_a
Goal number b5bdaedc,T #1,fire_team_a,manoeuvre,false,n3,n2,type_c,1,5303,5360,54752,2,3,1,SwitchMode1,1,n_a
Goal number b5bdaedc,T #2,fire_team_a,manoeuvre,false,n2,n4,type_a,1,10333,15724,54752,2,3,1,SwitchMode1,1,n_a
Goal number b5bdaedc,T #3,fire_team_a,manoeuvre,false,n2,n5,type_b,2,7072,22834,54752,2,3,1,SwitchMode1,1,n_a
Goal number b5bdaedc,T #4,fire_team_a,manoeuvre,false,n3,n4,type_b,2,7095,29980,54752,2,3,1,SwitchMode1,1,n_a
Goal number b5bdaedc,T #5,fire_team_a,manoeuvre,false,n3,n2,type_a,1,10376,40399,54752,2,3,1,SwitchMode1,1,n_a
Goal number b5bdaedc,T #6,fire_team_a,manoeuvre,false,n1,n2,type_b,2,14248,54705,54752,2,3,1,SwitchMode1,1,n_a
Goal number a0a03a8d,T #1,fire_team_a,manoeuvre,false,n3,n4,type_a,1,10586,10663,71596,2,2,2,SwitchMode1,1,n_a
Goal number a0a03a8d,T #2,fire_team_a,manoeuvre,false,n2,n3,type_b,2,7064,17788,71596,2,2,2,SwitchMode1,1,n_a
Goal number a0a03a8d,T #3,fire_team_a,manoeuvre,false,n2,n6,type_c,3,15337,33181,71596,2,2,2,SwitchMode1,1,n_a
Goal number a0a03a8d,T #4,fire_team_a,manoeuvre,false,n1,n4,type_b,3,10396,43621,71596,2,2,2,SwitchMode1,1,n_a
Goal number a0a03a8d,T #5,fire_team_a,manoeuvre,false,n2,n6,type_a,1,17540,61213,71596,2,2,2,SwitchMode1,1,n_a
Goal number a0a03a8d,T #6,fire_team_a,manoeuvre,false,n2,n1,type_c,2,10279,71544,71596,2,2,2,SwitchMode1,1,n_a
Goal number a4e2e8cd,T #1,fire_team_a,manoeuvre,false,n3,n2,type_a,1,14588,14667,75483,2,1,3,SwitchMode1,1,n_a
Goal number a4e2e8cd,T #2,fire_team_a,manoeuvre,false,n3,n6,type_b,1,3697,18439,75483,2,1,3,SwitchMode1,1,n_a
Goal number a4e2e8cd,T #3,fire_team_a,manoeuvre,false,n1,n2,type_c,1,5359,23844,75483,2,1,3,SwitchMode1,1,n_a
Goal number a4e2e8cd,T #4,fire_team_a,manoeuvre,false,n1,n2,type_c,3,15492,39385,75483,2,1,3,SwitchMode1,1,n_a
Goal number a4e2e8cd,T #5,fire_team_a,manoeuvre,false,n2,n1,type_c,1,5677,45115,75483,2,1,3,SwitchMode1,1,n_a
Goal number a4e2e8cd,T #6,fire_team_a,manoeuvre,false,n1,n6,type_a,3,30262,75439,75483,2,1,3,SwitchMode1,1,n_a
Goal number e8ce562c,T #1,fire_team_a,manoeuvre,false,n2,n6,type_b,2,6982,7075,75731,1,3,2,SwitchMode1,1,n_a
Goal number e8ce562c,T #2,fire_team_a,manoeuvre,false,n1,n4,type_b,3,15423,22548,75731,1,3,2,SwitchMode1,1,n_a
Goal number e8ce562c,T #3,fire_team_a,manoeuvre,false,n3,n3,type_c,2,10278,32875,75731,1,3,2,SwitchMode1,1,n_a
Goal number e8ce562c,T #4,fire_team_a,manoeuvre,false,n2,n4,type_a,3,30276,63207,75731,1,3,2,SwitchMode1,1,n_a
Goal number e8ce562c,T #5,fire_team_a,manoeuvre,false,n1,n3,type_c,1,5289,68534,75731,1,3,2,SwitchMode1,1,n_a
Goal number e8ce562c,T #6,fire_team_a,manoeuvre,false,n3,n5,type_b,2,7072,75688,75731,1,3,2,SwitchMode1,1,n_a
Goal number 6dfbee27,T #1,fire_team_a,manoeuvre,false,n1,n1,type_b,3,10337,10415,74321,1,2,3,SwitchMode1,1,n_a
Goal number 6dfbee27,T #2,fire_team_a,manoeuvre,false,n1,n6,type_a,2,20516,30983,74321,1,2,3,SwitchMode1,1,n_a
Goal number 6dfbee27,T #3,fire_team_a,manoeuvre,false,n3,n2,type_c,2,10322,41354,74321,1,2,3,SwitchMode1,1,n_a
Goal number 6dfbee27,T #4,fire_team_a,manoeuvre,false,n3,n1,type_c,2,10280,51686,74321,1,2,3,SwitchMode1,1,n_a
Goal number 6dfbee27,T #5,fire_team_a,manoeuvre,false,n3,n2,type_b,2,6952,58709,74321,1,2,3,SwitchMode1,1,n_a
Goal number 6dfbee27,T #6,fire_team_a,manoeuvre,false,n3,n6,type_c,3,15533,74289,74321,1,2,3,SwitchMode1,1,n_a
Goal number 65648d2b,T #1,fire_team_a,manoeuvre,false,n2,n2,type_c,3,15280,15417,55556,1,3,2,SwitchMode1,1,n_a
Goal number 65648d2b,T #2,fire_team_a,manoeuvre,false,n2,n1,type_a,1,10266,25825,55556,1,3,2,SwitchMode1,1,n_a
Goal number 65648d2b,T #3,fire_team_a,manoeuvre,false,n3,n4,type_b,2,7000,32888,55556,1,3,2,SwitchMode1,1,n_a
Goal number 65648d2b,T #4,fire_team_a,manoeuvre,false,n2,n1,type_b,1,3612,36560,55556,1,3,2,SwitchMode1,1,n_a
Goal number 65648d2b,T #5,fire_team_a,manoeuvre,false,n2,n2,type_b,1,3602,40211,55556,1,3,2,SwitchMode1,1,n_a
Goal number 65648d2b,T #6,fire_team_a,manoeuvre,false,n2,n3,type_c,3,15271,55508,55556,1,3,2,SwitchMode1,1,n_a
Goal number e2611981,T #1,fire_team_a,manoeuvre,false,n1,n3,type_c,3,15354,15427,95661,2,2,2,SwitchMode1,1,n_a
Goal number e2611981,T #2,fire_team_a,manoeuvre,false,n1,n2,type_b,3,10279,25780,95661,2,2,2,SwitchMode1,1,n_a
Goal number e2611981,T #3,fire_team_a,manoeuvre,false,n3,n1,type_a,3,30337,56174,95661,2,2,2,SwitchMode1,1,n_a
Goal number e2611981,T #4,fire_team_a,manoeuvre,false,n3,n3,type_b,2,7784,64027,95661,2,2,2,SwitchMode1,1,n_a
Goal number e2611981,T #5,fire_team_a,manoeuvre,false,n3,n2,type_a,1,10333,74393,95661,2,2,2,SwitchMode1,1,n_a
Goal number e2611981,T #6,fire_team_a,manoeuvre,false,n1,n6,type_c,3,21181,95630,95661,2,2,2,SwitchMode1,1,n_a
Goal number 29ed323e,T #1,fire_team_a,manoeuvre,false,n1,n6,type_a,2,20354,20447,100088,2,0,4,SwitchMode1,1,n_a
Goal number 29ed323e,T #2,fire_team_a,manoeuvre,false,n1,n5,type_c,2,19235,39726,100088,2,0,4,SwitchMode1,1,n_a
Goal number 29ed323e,T #3,fire_team_a,manoeuvre,false,n3,n2,type_c,2,15360,55166,100088,2,0,4,SwitchMode1,1,n_a
Goal number 29ed323e,T #4,fire_team_b,manoeuvre,false,n6,n1,type_c,1,5276,60498,100088,2,0,4,SwitchMode1,1,n_a
Goal number 29ed323e,T #5,fire_team_b,manoeuvre,false,n6,n2,type_c,3,15546,76105,100088,2,0,4,SwitchMode1,1,n_a
Goal number 29ed323e,T #6,fire_team_b,manoeuvre,false,n5,n1,type_a,2,23887,100035,100088,2,0,4,SwitchMode1,1,n_a
Goal number 005e1088,T #1,fire_team_a,manoeuvre,false,n1,n4,type_c,1,5320,5397,109054,1,0,5,SwitchMode1,1,n_a
Goal number 005e1088,T #2,fire_team_a,manoeuvre,false,n1,n6,type_c,3,15261,20700,109054,1,0,5,SwitchMode1,1,n_a
Goal number 005e1088,T #3,fire_team_a,manoeuvre,false,n3,n2,type_c,3,15315,36162,109054,1,0,5,SwitchMode1,1,n_a
Goal number 005e1088,T #4,fire_team_b,defence,false,n5,n5,type_c,3,15352,51571,109054,1,0,5,SwitchMode1,1,n_a
Goal number 005e1088,T #5,fire_team_b,manoeuvre,false,n6,n2,type_c,2,16768,68384,109054,1,0,5,SwitchMode1,1,n_a
Goal number 005e1088,T #6,fire_team_b,manoeuvre,false,n6,n5,type_a,3,40566,109011,109054,1,0,5,SwitchMode1,1,n_a
Goal number 4c293caa,T #1,fire_team_a,manoeuvre,false,n1,n5,type_c,3,15290,15357,161448,3,0,3,SwitchMode1,1,n_a
Goal number 4c293caa,T #2,fire_team_b,manoeuvre,false,n4,n3,type_a,2,20266,35673,161448,3,0,3,SwitchMode1,1,n_a
Goal number 4c293caa,T #3,fire_team_b,manoeuvre,false,n6,n2,type_c,2,18841,54557,161448,3,0,3,SwitchMode1,1,n_a
Goal number 4c293caa,T #4,fire_team_b,manoeuvre,false,n4,n1,type_c,2,52033,106655,161448,3,0,3,SwitchMode1,1,n_a
Goal number 4c293caa,T #5,fire_team_b,manoeuvre,false,n6,n2,type_a,1,18549,125256,161448,3,0,3,SwitchMode1,1,n_a
Goal number 4c293caa,T #6,fire_team_b,manoeuvre,false,n5,n6,type_a,3,36104,161400,161448,3,0,3,SwitchMode1,1,n_a
Goal number d62b9e78,T #1,fire_team_a,manoeuvre,false,n1,n5,type_a,3,30332,30396,189881,2,1,3,SwitchMode1,1,n_a
Goal number d62b9e78,T #2,fire_team_b,manoeuvre,false,n5,n2,type_a,1,10301,40847,189881,2,1,3,SwitchMode1,1,n_a
Goal number d62b9e78,T #3,fire_team_b,manoeuvre,false,n4,n3,type_c,3,18312,59192,189881,2,1,3,SwitchMode1,1,n_a
Goal number d62b9e78,T #4,fire_team_b,manoeuvre,false,n5,n6,type_c,3,43981,103245,189881,2,1,3,SwitchMode1,1,n_a
Goal number d62b9e78,T #5,fire_team_b,manoeuvre,false,n6,n6,type_b,2,45578,148866,189881,2,1,3,SwitchMode1,1,n_a
Goal number d62b9e78,T #6,fire_team_b,manoeuvre,false,n5,n4,type_c,3,40903,189827,189881,2,1,3,SwitchMode1,1,n_a
Goal number 3bee68cb,T #1,fire_team_b,manoeuvre,false,n5,n1,type_b,2,44465,44529,150455,2,4,0,SwitchMode1,1,n_a
Goal number 3bee68cb,T #2,fire_team_b,manoeuvre,false,n6,n3,type_b,1,7855,52424,150455,2,4,0,SwitchMode1,1,n_a
Goal number 3bee68cb,T #3,fire_team_b,manoeuvre,false,n4,n3,type_b,2,9995,62459,150455,2,4,0,SwitchMode1,1,n_a
Goal number 3bee68cb,T #4,fire_team_b,manoeuvre,false,n4,n6,type_b,2,32193,94705,150455,2,4,0,SwitchMode1,1,n_a
Goal number 3bee68cb,T #5,fire_team_b,manoeuvre,false,n4,n6,type_a,1,35401,130178,150455,2,4,0,SwitchMode1,1,n_a
Goal number 3bee68cb,T #6,fire_team_b,manoeuvre,false,n6,n4,type_a,1,20178,150410,150455,2,4,0,SwitchMode1,1,n_a
Goal number 20323ac1,T #1,fire_team_a,manoeuvre,false,n2,n4,type_a,2,20443,20499,241225,3,0,3,SwitchMode1,1,n_a
Goal number 20323ac1,T #2,fire_team_b,manoeuvre,false,n4,n2,type_c,1,14394,34962,241225,3,0,3,SwitchMode1,1,n_a
Goal number 20323ac1,T #3,fire_team_b,manoeuvre,false,n4,n6,type_a,1,25320,60346,241225,3,0,3,SwitchMode1,1,n_a
Goal number 20323ac1,T #4,fire_team_b,manoeuvre,false,n6,n4,type_a,3,48620,109022,241225,3,0,3,SwitchMode1,1,n_a
Goal number 20323ac1,T #5,fire_team_b,manoeuvre,false,n5,n3,type_c,3,119219,228296,241225,3,0,3,SwitchMode1,1,n_a
Goal number 20323ac1,T #6,fire_team_b,manoeuvre,false,n4,n2,type_c,1,12752,241186,241225,3,0,3,SwitchMode1,1,n_a
Goal number e6f3ed8c,T #1,fire_team_b,manoeuvre,false,n4,n5,type_a,3,34996,35068,265647,5,1,0,SwitchMode1,1,n_a
Goal number e6f3ed8c,T #2,fire_team_b,manoeuvre,false,n4,n6,type_a,2,62476,97592,265647,5,1,0,SwitchMode1,1,n_a
Goal number e6f3ed8c,T #3,fire_team_b,manoeuvre,false,n5,n1,type_a,1,12469,110125,265647,5,1,0,SwitchMode1,1,n_a
Goal number e6f3ed8c,T #4,fire_team_b,manoeuvre,false,n4,n6,type_a,1,24818,135006,265647,5,1,0,SwitchMode1,1,n_a
Goal number e6f3ed8c,T #5,fire_team_b,manoeuvre,false,n4,n1,type_a,3,96355,231426,265647,5,1,0,SwitchMode1,1,n_a
Goal number e6f3ed8c,T #6,fire_team_b,manoeuvre,false,n4,n2,type_b,1,34119,265595,265647,5,1,0,SwitchMode1,1,n_a
Goal number f1493d1a,T #1,fire_team_b,manoeuvre,false,n5,n4,type_a,2,27904,27971,295675,2,3,1,SwitchMode1,1,n_a
Goal number f1493d1a,T #2,fire_team_b,manoeuvre,false,n6,n5,type_b,3,88028,116059,295675,2,3,1,SwitchMode1,1,n_a
Goal number f1493d1a,T #3,fire_team_b,manoeuvre,false,n4,n5,type_a,3,70530,186638,295675,2,3,1,SwitchMode1,1,n_a
Goal number f1493d1a,T #4,fire_team_b,manoeuvre,false,n4,n5,type_c,3,25803,212481,295675,2,3,1,SwitchMode1,1,n_a
Goal number f1493d1a,T #5,fire_team_b,manoeuvre,false,n5,n1,type_b,3,42359,254905,295675,2,3,1,SwitchMode1,1,n_a
Goal number f1493d1a,T #6,fire_team_b,manoeuvre,false,n5,n6,type_b,3,40665,295632,295675,2,3,1,SwitchMode1,1,n_a
Goal number 944cb5a4,T #1,fire_team_b,manoeuvre,false,n5,n1,type_b,1,4190,4269,253074,3,1,2,SwitchMode1,1,n_a
Goal number 944cb5a4,T #2,fire_team_b,manoeuvre,false,n6,n6,type_c,2,41857,46178,253074,3,1,2,SwitchMode1,1,n_a
Goal number 944cb5a4,T #3,fire_team_b,manoeuvre,false,n6,n3,type_a,2,30339,76574,253074,3,1,2,SwitchMode1,1,n_a
Goal number 944cb5a4,T #4,fire_team_b,manoeuvre,false,n5,n6,type_a,3,108422,185066,253074,3,1,2,SwitchMode1,1,n_a
Goal number 944cb5a4,T #5,fire_team_b,manoeuvre,false,n6,n3,type_c,2,43031,228155,253074,3,1,2,SwitchMode1,1,n_a
Goal number 944cb5a4,T #6,fire_team_b,manoeuvre,false,n5,n5,type_a,1,24817,253035,253074,3,1,2,SwitchMode1,1,n_a
Goal number 3d41497e,T #1,fire_team_a,manoeuvre,false,n3,n3,type_a,1,15108,15176,387560,3,1,2,SwitchMode1,1,n_a
Goal number 3d41497e,T #2,fire_team_a,manoeuvre,false,n2,n6,type_a,3,31334,46581,387560,3,1,2,SwitchMode1,1,n_a
Goal number 3d41497e,T #3,fire_team_b,manoeuvre,false,n5,n4,type_b,2,57415,104060,387560,3,1,2,SwitchMode1,1,n_a
Goal number 3d41497e,T #4,fire_team_b,manoeuvre,false,n4,n6,type_c,3,36751,140858,387560,3,1,2,SwitchMode1,1,n_a
Goal number 3d41497e,T #5,fire_team_b,manoeuvre,false,n5,n4,type_a,3,142837,283734,387560,3,1,2,SwitchMode1,1,n_a
Goal number 3d41497e,T #6,fire_team_b,manoeuvre,false,n6,n4,type_c,2,103725,387526,387560,3,1,2,SwitchMode1,1,n_a
Goal number 22e0ae54,T #1,fire_team_b,manoeuvre,false,n4,n1,type_c,3,95432,95495,286317,1,1,4,SwitchMode1,1,n_a
Goal number 22e0ae54,T #2,fire_team_b,manoeuvre,false,n5,n1,type_c,2,25846,121414,286317,1,1,4,SwitchMode1,1,n_a
Goal number 22e0ae54,T #3,fire_team_b,manoeuvre,false,n4,n5,type_c,1,29809,151261,286317,1,1,4,SwitchMode1,1,n_a
Goal number 22e0ae54,T #4,fire_team_b,manoeuvre,false,n6,n3,type_a,3,85609,236918,286317,1,1,4,SwitchMode1,1,n_a
Goal number 22e0ae54,T #5,fire_team_b,manoeuvre,false,n5,n5,type_b,2,24920,261902,286317,1,1,4,SwitchMode1,1,n_a
Goal number 22e0ae54,T #6,fire_team_b,manoeuvre,false,n5,n2,type_c,1,24339,286282,286317,1,1,4,SwitchMode1,1,n_a
Goal number e596e775,T #1,fire_team_b,manoeuvre,false,n6,n1,type_a,3,125915,125978,287280,2,2,2,SwitchMode1,1,n_a
Goal number e596e775,T #2,fire_team_b,manoeuvre,false,n6,n3,type_c,2,70626,196675,287280,2,2,2,SwitchMode1,1,n_a
Goal number e596e775,T #3,fire_team_b,manoeuvre,false,n4,n4,type_c,1,10660,207397,287280,2,2,2,SwitchMode1,1,n_a
Goal number e596e775,T #4,fire_team_b,manoeuvre,false,n4,n1,type_b,3,25304,232779,287280,2,2,2,SwitchMode1,1,n_a
Goal number e596e775,T #5,fire_team_b,manoeuvre,false,n6,n4,type_a,1,34801,267635,287280,2,2,2,SwitchMode1,1,n_a
Goal number e596e775,T #6,fire_team_b,manoeuvre,false,n4,n4,type_b,3,19555,287233,287280,2,2,2,SwitchMode1,1,n_a
Goal number 530ce59d,T #1,fire_team_b,manoeuvre,false,n6,n4,type_c,2,15941,15999,259318,1,2,3,SwitchMode1,1,n_a
Goal number 530ce59d,T #2,fire_team_b,manoeuvre,false,n6,n6,type_c,2,158428,174492,259318,1,2,3,SwitchMode1,1,n_a
Goal number 530ce59d,T #3,fire_team_b,manoeuvre,false,n5,n5,type_a,2,38091,212644,259318,1,2,3,SwitchMode1,1,n_a
Goal number 530ce59d,T #4,fire_team_b,manoeuvre,false,n4,n4,type_c,1,11691,224385,259318,1,2,3,SwitchMode1,1,n_a
Goal number 530ce59d,T #5,fire_team_b,manoeuvre,false,n5,n3,type_b,1,18952,243400,259318,1,2,3,SwitchMode1,1,n_a
Goal number 530ce59d,T #6,fire_team_b,manoeuvre,false,n6,n6,type_b,2,15816,259270,259318,1,2,3,SwitchMode1,1,n_a
Goal number f6b82573,T #1,fire_team_b,manoeuvre,false,n5,n5,type_a,1,82781,82854,338903,3,0,3,SwitchMode1,1,n_a
Goal number f6b82573,T #2,fire_team_b,manoeuvre,false,n6,n3,type_a,3,125766,208679,338903,3,0,3,SwitchMode1,1,n_a
Goal number f6b82573,T #3,fire_team_b,manoeuvre,false,n4,n5,type_c,3,56066,264816,338903,3,0,3,SwitchMode1,1,n_a
Goal number f6b82573,T #4,fire_team_b,manoeuvre,false,n6,n5,type_a,1,34933,299802,338903,3,0,3,SwitchMode1,1,n_a
Goal number f6b82573,T #5,fire_team_b,manoeuvre,false,n5,n5,type_c,1,23590,323445,338903,3,0,3,SwitchMode1,1,n_a
Goal number f6b82573,T #6,fire_team_b,manoeuvre,false,n5,n2,type_c,2,15360,338853,338903,3,0,3,SwitchMode1,1,n_a
Goal number c2246275,T #1,fire_team_b,manoeuvre,false,n4,n2,type_a,1,19088,19262,275529,2,2,2,SwitchMode1,1,n_a
Goal number c2246275,T #2,fire_team_b,manoeuvre,false,n4,n1,type_c,1,32101,51410,275529,2,2,2,SwitchMode1,1,n_a
Goal number c2246275,T #3,fire_team_b,manoeuvre,false,n5,n5,type_c,3,37758,89218,275529,2,2,2,SwitchMode1,1,n_a
Goal number c2246275,T #4,fire_team_b,manoeuvre,false,n5,n4,type_a,1,113351,202630,275529,2,2,2,SwitchMode1,1,n_a
Goal number c2246275,T #5,fire_team_b,manoeuvre,false,n6,n4,type_b,2,59857,262541,275529,2,2,2,SwitchMode1,1,n_a
Goal number c2246275,T #6,fire_team_b,manoeuvre,false,n4,n1,type_b,3,12898,275490,275529,2,2,2,SwitchMode1,1,n_a
Goal number 32d24fd7,T #1,fire_team_b,manoeuvre,false,n5,n4,type_c,2,18849,18912,297707,2,2,2,SwitchMode1,1,n_a
Goal number 32d24fd7,T #2,fire_team_b,manoeuvre,false,n5,n5,type_b,2,108457,127440,297707,2,2,2,SwitchMode1,1,n_a
Goal number 32d24fd7,T #3,fire_team_b,manoeuvre,false,n6,n2,type_a,2,58036,185542,297707,2,2,2,SwitchMode1,1,n_a
Goal number 32d24fd7,T #4,fire_team_b,manoeuvre,false,n4,n2,type_c,3,64961,250557,297707,2,2,2,SwitchMode1,1,n_a
Goal number 32d24fd7,T #5,fire_team_b,manoeuvre,false,n4,n4,type_a,2,25358,275968,297707,2,2,2,SwitchMode1,1,n_a
Goal number 32d24fd7,T #6,fire_team_b,manoeuvre,false,n6,n3,type_b,2,21621,297646,297707,2,2,2,SwitchMode1,1,n_a
Goal number f34f40df,T #1,fire_team_a,manoeuvre,false,n1,n1,type_c,1,5320,5385,42706,1,3,2,SwitchMode1,3,n_a
Goal number f34f40df,T #2,fire_team_a,manoeuvre,false,n2,n5,type_c,3,15321,20772,42706,1,3,2,SwitchMode1,3,n_a
Goal number f34f40df,T #3,fire_team_a,manoeuvre,false,n2,n6,type_b,1,3667,24500,42706,1,3,2,SwitchMode1,3,n_a
Goal number f34f40df,T #4,fire_team_a,manoeuvre,false,n2,n6,type_b,1,3719,28266,42706,1,3,2,SwitchMode1,3,n_a
Goal number f34f40df,T #5,fire_team_a,manoeuvre,false,n2,n4,type_a,1,10379,38764,42706,1,3,2,SwitchMode1,3,n_a
Goal number f34f40df,T #6,fire_team_a,manoeuvre,false,n1,n5,type_b,1,3850,42666,42706,1,3,2,SwitchMode1,3,n_a
Goal number 77cb2c04,T #1,fire_team_a,manoeuvre,false,n3,n2,type_a,1,10393,10540,94829,4,1,1,SwitchMode1,3,n_a
Goal number 77cb2c04,T #2,fire_team_a,manoeuvre,false,n1,n1,type_c,3,15339,25943,94829,4,1,1,SwitchMode1,3,n_a
Goal number 77cb2c04,T #3,fire_team_a,manoeuvre,false,n1,n1,type_a,1,10420,36448,94829,4,1,1,SwitchMode1,3,n_a
Goal number 77cb2c04,T #4,fire_team_a,manoeuvre,false,n3,n3,type_a,2,20298,56796,94829,4,1,1,SwitchMode1,3,n_a
Goal number 77cb2c04,T #5,fire_team_a,manoeuvre,false,n3,n6,type_a,3,30717,87598,94829,4,1,1,SwitchMode1,3,n_a
Goal number 77cb2c04,T #6,fire_team_a,manoeuvre,false,n2,n4,type_b,2,7105,94769,94829,4,1,1,SwitchMode1,3,n_a
Goal number 546bafce,T #1,fire_team_a,manoeuvre,false,n2,n3,type_a,1,10402,10479,59318,1,4,1,SwitchMode1,3,n_a
Goal number 546bafce,T #2,fire_team_a,manoeuvre,false,n2,n2,type_c,2,10364,20895,59318,1,4,1,SwitchMode1,3,n_a
Goal number 546bafce,T #3,fire_team_a,manoeuvre,false,n1,n1,type_b,2,16980,37933,59318,1,4,1,SwitchMode1,3,n_a
Goal number 546bafce,T #4,fire_team_a,manoeuvre,false,n1,n4,type_b,1,3850,41832,59318,1,4,1,SwitchMode1,3,n_a
Goal number 546bafce,T #5,fire_team_a,manoeuvre,false,n1,n6,type_b,2,6964,48862,59318,1,4,1,SwitchMode1,3,n_a
Goal number 546bafce,T #6,fire_team_a,manoeuvre,false,n1,n1,type_b,3,10336,59286,59318,1,4,1,SwitchMode1,3,n_a
Goal number 18685dd8,T #1,fire_team_a,manoeuvre,false,n2,n6,type_a,1,10273,10364,100784,3,2,1,SwitchMode1,3,n_a
Goal number 18685dd8,T #2,fire_team_a,manoeuvre,false,n3,n2,type_a,3,35256,45664,100784,3,2,1,SwitchMode1,3,n_a
Goal number 18685dd8,T #3,fire_team_a,manoeuvre,false,n1,n3,type_c,2,10285,56011,100784,3,2,1,SwitchMode1,3,n_a
Goal number 18685dd8,T #4,fire_team_a,manoeuvre,false,n1,n4,type_b,1,3764,59831,100784,3,2,1,SwitchMode1,3,n_a
Goal number 18685dd8,T #5,fire_team_a,manoeuvre,false,n1,n6,type_b,3,10488,70365,100784,3,2,1,SwitchMode1,3,n_a
Goal number 18685dd8,T #6,fire_team_a,manoeuvre,false,n2,n3,type_a,3,30298,100721,100784,3,2,1,SwitchMode1,3,n_a
Goal number 7f99db97,T #1,fire_team_a,manoeuvre,false,n2,n1,type_a,1,10350,10419,82885,2,0,4,SwitchMode1,3,n_a
Goal number 7f99db97,T #2,fire_team_a,manoeuvre,false,n1,n1,type_a,3,30501,40973,82885,2,0,4,SwitchMode1,3,n_a
Goal number 7f99db97,T #3,fire_team_a,manoeuvre,false,n2,n3,type_c,2,10254,51284,82885,2,0,4,SwitchMode1,3,n_a
Goal number 7f99db97,T #4,fire_team_a,manoeuvre,false,n3,n2,type_c,2,10621,61960,82885,2,0,4,SwitchMode1,3,n_a
Goal number 7f99db97,T #5,fire_team_a,manoeuvre,false,n2,n4,type_c,2,10425,72453,82885,2,0,4,SwitchMode1,3,n_a
Goal number 7f99db97,T #6,fire_team_a,manoeuvre,false,n1,n1,type_c,2,10309,82824,82885,2,0,4,SwitchMode1,3,n_a
Goal number 49fbc2c6,T #1,fire_team_a,manoeuvre,false,n1,n2,type_c,2,10525,10601,72905,2,2,2,SwitchMode1,3,n_a
Goal number 49fbc2c6,T #2,fire_team_a,manoeuvre,false,n3,n6,type_a,2,20278,30937,72905,2,2,2,SwitchMode1,3,n_a
Goal number 49fbc2c6,T #3,fire_team_a,manoeuvre,false,n3,n5,type_b,1,3873,34867,72905,2,2,2,SwitchMode1,3,n_a
Goal number 49fbc2c6,T #4,fire_team_a,manoeuvre,false,n1,n2,type_c,2,10390,45304,72905,2,2,2,SwitchMode1,3,n_a
Goal number 49fbc2c6,T #5,fire_team_a,manoeuvre,false,n3,n2,type_a,2,20396,65755,72905,2,2,2,SwitchMode1,3,n_a
Goal number 49fbc2c6,T #6,fire_team_a,manoeuvre,false,n2,n5,type_b,2,7046,72867,72905,2,2,2,SwitchMode1,3,n_a
Goal number b5bdaedc,T #1,fire_team_a,manoeuvre,false,n2,n2,type_c,1,5296,5361,54026,2,3,1,SwitchMode1,3,n_a
Goal number b5bdaedc,T #2,fire_team_a,manoeuvre,false,n1,n4,type_a,1,10519,15939,54026,2,3,1,SwitchMode1,3,n_a
Goal number b5bdaedc,T #3,fire_team_a,manoeuvre,false,n1,n5,type_b,2,7035,23041,54026,2,3,1,SwitchMode1,3,n_a
Goal number b5bdaedc,T #4,fire_team_a,manoeuvre,false,n3,n4,type_b,2,7130,30221,54026,2,3,1,SwitchMode1,3,n_a
Goal number b5bdaedc,T #5,fire_team_a,manoeuvre,false,n1,n2,type_a,1,10321,40600,54026,2,3,1,SwitchMode1,3,n_a
Goal number b5bdaedc,T #6,fire_team_a,manoeuvre,false,n1,n2,type_b,2,13317,53978,54026,2,3,1,SwitchMode1,3,n_a
Goal number 7f8f32ac,T #1,fire_team_a,manoeuvre,false,n3,n3,type_a,2,30483,30543,99966,3,0,3,SwitchMode1,3,n_a
Goal number 7f8f32ac,T #2,fire_team_a,manoeuvre,false,n3,n5,type_a,1,10303,40902,99966,3,0,3,SwitchMode1,3,n_a
Goal number 7f8f32ac,T #3,fire_team_a,manoeuvre,false,n2,n3,type_c,2,10290,51262,99966,3,0,3,SwitchMode1,3,n_a
Goal number 7f8f32ac,T #4,fire_team_a,manoeuvre,false,n2,n5,type_c,1,5284,56615,99966,3,0,3,SwitchMode1,3,n_a
Goal number 7f8f32ac,T #5,fire_team_a,manoeuvre,false,n3,n1,type_a,2,35751,92437,99966,3,0,3,SwitchMode1,3,n_a
Goal number 7f8f32ac,T #6,fire_team_a,manoeuvre,false,n1,n3,type_c,1,7431,99928,99966,3,0,3,SwitchMode1,3,n_a
Goal number a4e2e8cd,T #1,fire_team_a,manoeuvre,false,n3,n2,type_a,1,10276,10427,73947,2,1,3,SwitchMode1,3,n_a
Goal number a4e2e8cd,T #2,fire_team_a,manoeuvre,false,n2,n6,type_b,1,3605,14096,73947,2,1,3,SwitchMode1,3,n_a
Goal number a4e2e8cd,T #3,fire_team_a,manoeuvre,false,n2,n2,type_c,1,5599,19780,73947,2,1,3,SwitchMode1,3,n_a
Goal number a4e2e8cd,T #4,fire_team_a,manoeuvre,false,n1,n2,type_c,3,15652,35494,73947,2,1,3,SwitchMode1,3,n_a
Goal number a4e2e8cd,T #5,fire_team_a,manoeuvre,false,n2,n1,type_c,1,7909,43454,73947,2,1,3,SwitchMode1,3,n_a
Goal number a4e2e8cd,T #6,fire_team_a,manoeuvre,false,n2,n6,type_a,3,30369,73897,73947,2,1,3,SwitchMode1,3,n_a
Goal number 6dfbee27,T #1,fire_team_a,manoeuvre,false,n1,n1,type_b,3,10246,10329,74200,1,2,3,SwitchMode1,3,n_a
Goal number 6dfbee27,T #2,fire_team_a,manoeuvre,false,n3,n6,type_a,2,20314,30707,74200,1,2,3,SwitchMode1,3,n_a
Goal number 6dfbee27,T #3,fire_team_a,manoeuvre,false,n2,n2,type_c,2,10317,41089,74200,1,2,3,SwitchMode1,3,n_a
Goal number 6dfbee27,T #4,fire_team_a,manoeuvre,false,n1,n1,type_c,2,10422,51572,74200,1,2,3,SwitchMode1,3,n_a
Goal number 6dfbee27,T #5,fire_team_a,manoeuvre,false,n1,n2,type_b,2,6999,58636,74200,1,2,3,SwitchMode1,3,n_a
Goal number 6dfbee27,T #6,fire_team_a,manoeuvre,false,n1,n6,type_c,3,15449,74150,74200,1,2,3,SwitchMode1,3,n_a
Goal number e8ce562c,T #1,fire_team_a,manoeuvre,false,n2,n6,type_b,2,6975,7072,75745,1,3,2,SwitchMode1,3,n_a
Goal number e8ce562c,T #2,fire_team_a,manoeuvre,false,n1,n4,type_b,3,14823,21934,75745,1,3,2,SwitchMode1,3,n_a
Goal number e8ce562c,T #3,fire_team_a,manoeuvre,false,n2,n3,type_c,2,10399,32408,75745,1,3,2,SwitchMode1,3,n_a
Goal number e8ce562c,T #4,fire_team_a,manoeuvre,false,n3,n4,type_a,3,30289,62766,75745,1,3,2,SwitchMode1,3,n_a
Goal number e8ce562c,T #5,fire_team_a,manoeuvre,false,n3,n3,type_c,1,5455,68353,75745,1,3,2,SwitchMode1,3,n_a
Goal number e8ce562c,T #6,fire_team_a,manoeuvre,false,n3,n5,type_b,2,7288,75694,75745,1,3,2,SwitchMode1,3,n_a
Goal number a0a03a8d,T #1,fire_team_a,manoeuvre,false,n2,n4,type_a,1,10284,10346,73383,2,2,2,SwitchMode1,3,n_a
Goal number a0a03a8d,T #2,fire_team_a,manoeuvre,false,n1,n3,type_b,2,9218,19631,73383,2,2,2,SwitchMode1,3,n_a
Goal number a0a03a8d,T #3,fire_team_a,manoeuvre,false,n1,n6,type_c,3,18700,38385,73383,2,2,2,SwitchMode1,3,n_a
Goal number a0a03a8d,T #4,fire_team_a,manoeuvre,false,n3,n4,type_b,3,10308,48751,73383,2,2,2,SwitchMode1,3,n_a
Goal number a0a03a8d,T #5,fire_team_a,manoeuvre,false,n3,n6,type_a,1,11671,60498,73383,2,2,2,SwitchMode1,3,n_a
Goal number a0a03a8d,T #6,fire_team_a,manoeuvre,false,n1,n1,type_c,2,12777,73332,73383,2,2,2,SwitchMode1,3,n_a
Goal number 65648d2b,T #1,fire_team_a,manoeuvre,false,n2,n2,type_c,3,15317,15472,56027,1,3,2,SwitchMode1,3,n_a
Goal number 65648d2b,T #2,fire_team_a,manoeuvre,false,n2,n1,type_a,1,10467,26011,56027,1,3,2,SwitchMode1,3,n_a
Goal number 65648d2b,T #3,fire_team_a,manoeuvre,false,n3,n4,type_b,2,6947,33022,56027,1,3,2,SwitchMode1,3,n_a
Goal number 65648d2b,T #4,fire_team_a,manoeuvre,false,n2,n1,type_b,1,3723,36812,56027,1,3,2,SwitchMode1,3,n_a
Goal number 65648d2b,T #5,fire_team_a,manoeuvre,false,n2,n2,type_b,1,3612,40540,56027,1,3,2,SwitchMode1,3,n_a
Goal number 65648d2b,T #6,fire_team_a,manoeuvre,false,n3,n3,type_c,3,15276,55961,56027,1,3,2,SwitchMode1,3,n_a
Goal number e2611981,T #1,fire_team_a,manoeuvre,false,n2,n3,type_c,3,15254,15314,93870,2,2,2,SwitchMode1,3,n_a
Goal number e2611981,T #2,fire_team_a,manoeuvre,false,n1,n2,type_b,3,10292,25659,93870,2,2,2,SwitchMode1,3,n_a
Goal number e2611981,T #3,fire_team_a,manoeuvre,false,n3,n1,type_a,3,30277,55996,93870,2,2,2,SwitchMode1,3,n_a
Goal number e2611981,T #4,fire_team_a,manoeuvre,false,n3,n3,type_b,2,6899,62960,93870,2,2,2,SwitchMode1,3,n_a
Goal number e2611981,T #5,fire_team_a,manoeuvre,false,n2,n2,type_a,1,10367,73397,93870,2,2,2,SwitchMode1,3,n_a
Goal number e2611981,T #6,fire_team_a,manoeuvre,false,n2,n6,type_c,3,20278,93730,93870,2,2,2,SwitchMode1,3,n_a
Goal number 29ed323e,T #1,fire_team_a,manoeuvre,false,n1,n6,type_a,2,20368,20445,100151,2,0,4,SwitchMode1,3,n_a
Goal number 29ed323e,T #2,fire_team_a,manoeuvre,false,n1,n5,type_c,2,19186,39684,100151,2,0,4,SwitchMode1,3,n_a
Goal number 29ed323e,T #3,fire_team_a,manoeuvre,false,n2,n2,type_c,2,10254,49993,100151,2,0,4,SwitchMode1,3,n_a
Goal number 29ed323e,T #4,fire_team_a,manoeuvre,false,n2,n1,type_c,1,5390,55424,100151,2,0,4,SwitchMode1,3,n_a
Goal number 29ed323e,T #5,fire_team_b,manoeuvre,false,n4,n2,type_c,3,15420,70901,100151,2,0,4,SwitchMode1,3,n_a
Goal number 29ed323e,T #6,fire_team_b,manoeuvre,false,n6,n1,type_a,2,29181,100114,100151,2,0,4,SwitchMode1,3,n_a
Goal number 005e1088,T #1,fire_team_a,manoeuvre,false,n1,n4,type_c,1,5303,5373,110597,1,0,5,SwitchMode1,3,n_a
Goal number 005e1088,T #2,fire_team_a,manoeuvre,false,n1,n6,type_c,3,15323,20736,110597,1,0,5,SwitchMode1,3,n_a
Goal number 005e1088,T #3,fire_team_a,manoeuvre,false,n3,n2,type_c,3,15317,36119,110597,1,0,5,SwitchMode1,3,n_a
Goal number 005e1088,T #4,fire_team_a,manoeuvre,false,n3,n5,type_c,3,15305,51549,110597,1,0,5,SwitchMode1,3,n_a
Goal number 005e1088,T #5,fire_team_b,manoeuvre,false,n6,n2,type_c,2,10338,61944,110597,1,0,5,SwitchMode1,3,n_a
Goal number 005e1088,T #6,fire_team_b,manoeuvre,false,n4,n5,type_a,3,48535,110547,110597,1,0,5,SwitchMode1,3,n_a
Goal number e6f3ed8c,T #1,fire_team_b,manoeuvre,false,n6,n5,type_a,3,37037,37100,158760,5,1,0,SwitchMode1,3,n_a
Goal number e6f3ed8c,T #2,fire_team_b,manoeuvre,false,n4,n6,type_a,2,23189,60352,158760,5,1,0,SwitchMode1,3,n_a
Goal number e6f3ed8c,T #3,fire_team_b,manoeuvre,false,n6,n1,type_a,1,23926,84345,158760,5,1,0,SwitchMode1,3,n_a
Goal number e6f3ed8c,T #4,fire_team_b,manoeuvre,false,n5,n6,type_a,1,26148,110556,158760,5,1,0,SwitchMode1,3,n_a
Goal number e6f3ed8c,T #5,fire_team_b,manoeuvre,false,n5,n1,type_a,3,43788,154414,158760,5,1,0,SwitchMode1,3,n_a
Goal number e6f3ed8c,T #6,fire_team_b,manoeuvre,false,n6,n2,type_b,1,4256,158728,158760,5,1,0,SwitchMode1,3,n_a
Goal number 3d41497e,T #1,fire_team_a,manoeuvre,false,n3,n3,type_a,1,10314,10440,265470,3,1,2,SwitchMode1,3,n_a
Goal number 3d41497e,T #2,fire_team_a,manoeuvre,false,n1,n6,type_a,3,36541,47036,265470,3,1,2,SwitchMode1,3,n_a
Goal number 3d41497e,T #3,fire_team_b,manoeuvre,false,n4,n4,type_b,2,7671,54752,265470,3,1,2,SwitchMode1,3,n_a
Goal number 3d41497e,T #4,fire_team_b,manoeuvre,false,n5,n6,type_c,3,37509,92311,265470,3,1,2,SwitchMode1,3,n_a
Goal number 3d41497e,T #5,fire_team_b,manoeuvre,false,n6,n4,type_a,3,62109,154464,265470,3,1,2,SwitchMode1,3,n_a
Goal number 3d41497e,T #6,fire_team_b,manoeuvre,false,n5,n4,type_c,2,110908,265430,265470,3,1,2,SwitchMode1,3,n_a
Goal number d62b9e78,T #1,fire_team_a,manoeuvre,false,n1,n5,type_a,3,30304,30365,264101,2,1,3,SwitchMode1,3,n_a
Goal number d62b9e78,T #2,fire_team_b,manoeuvre,false,n5,n2,type_a,1,10326,40764,264101,2,1,3,SwitchMode1,3,n_a
Goal number d62b9e78,T #3,fire_team_b,manoeuvre,false,n5,n3,type_c,3,15339,56151,264101,2,1,3,SwitchMode1,3,n_a
Goal number d62b9e78,T #4,fire_team_b,manoeuvre,false,n4,n6,type_c,3,48700,104896,264101,2,1,3,SwitchMode1,3,n_a
Goal number d62b9e78,T #5,fire_team_b,manoeuvre,false,n4,n6,type_b,2,136475,241423,264101,2,1,3,SwitchMode1,3,n_a
Goal number d62b9e78,T #6,fire_team_b,manoeuvre,false,n6,n4,type_c,3,22599,264055,264101,2,1,3,SwitchMode1,3,n_a
Goal number 4c293caa,T #1,fire_team_a,manoeuvre,false,n3,n5,type_c,3,28205,28282,268157,3,0,3,SwitchMode1,3,n_a
Goal number 4c293caa,T #2,fire_team_b,manoeuvre,false,n4,n3,type_a,2,27670,55984,268157,3,0,3,SwitchMode1,3,n_a
Goal number 4c293caa,T #3,fire_team_b,manoeuvre,false,n6,n2,type_c,2,12079,68117,268157,3,0,3,SwitchMode1,3,n_a
Goal number 4c293caa,T #4,fire_team_b,manoeuvre,false,n6,n1,type_c,2,112910,181088,268157,3,0,3,SwitchMode1,3,n_a
Goal number 4c293caa,T #5,fire_team_b,manoeuvre,false,n5,n2,type_a,1,54930,236075,268157,3,0,3,SwitchMode1,3,n_a
Goal number 4c293caa,T #6,fire_team_b,manoeuvre,false,n4,n6,type_a,3,31994,268111,268157,3,0,3,SwitchMode1,3,n_a
Goal number f1493d1a,T #1,fire_team_b,manoeuvre,false,n5,n4,type_a,2,43106,43165,254838,2,3,1,SwitchMode1,3,n_a
Goal number f1493d1a,T #2,fire_team_b,manoeuvre,false,n5,n5,type_b,3,52850,96071,254838,2,3,1,SwitchMode1,3,n_a
Goal number f1493d1a,T #3,fire_team_b,manoeuvre,false,n4,n5,type_a,3,35535,131670,254838,2,3,1,SwitchMode1,3,n_a
Goal number f1493d1a,T #4,fire_team_b,manoeuvre,false,n6,n5,type_c,3,63337,195065,254838,2,3,1,SwitchMode1,3,n_a
Goal number f1493d1a,T #5,fire_team_b,manoeuvre,false,n4,n1,type_b,3,32871,227990,254838,2,3,1,SwitchMode1,3,n_a
Goal number f1493d1a,T #6,fire_team_b,manoeuvre,false,n6,n6,type_b,3,26733,254786,254838,2,3,1,SwitchMode1,3,n_a
Goal number 32d24fd7,T #1,fire_team_b,manoeuvre,false,n5,n4,type_c,2,12582,12644,221157,2,2,2,SwitchMode1,3,n_a
Goal number 32d24fd7,T #2,fire_team_b,manoeuvre,false,n5,n5,type_b,2,27291,39997,221157,2,2,2,SwitchMode1,3,n_a
Goal number 32d24fd7,T #3,fire_team_b,manoeuvre,false,n4,n2,type_a,2,74627,114706,221157,2,2,2,SwitchMode1,3,n_a
Goal number 32d24fd7,T #4,fire_team_b,manoeuvre,false,n4,n2,type_c,3,25382,140149,221157,2,2,2,SwitchMode1,3,n_a
Goal number 32d24fd7,T #5,fire_team_b,manoeuvre,false,n5,n4,type_a,2,55594,195776,221157,2,2,2,SwitchMode1,3,n_a
Goal number 32d24fd7,T #6,fire_team_b,manoeuvre,false,n6,n3,type_b,2,25185,221023,221157,2,2,2,SwitchMode1,3,n_a
Goal number c2246275,T #1,fire_team_b,manoeuvre,false,n5,n2,type_a,1,11899,11965,210074,2,2,2,SwitchMode1,3,n_a
Goal number c2246275,T #2,fire_team_b,manoeuvre,false,n5,n1,type_c,1,11955,23989,210074,2,2,2,SwitchMode1,3,n_a
Goal number c2246275,T #3,fire_team_b,manoeuvre,false,n6,n5,type_c,3,24493,48548,210074,2,2,2,SwitchMode1,3,n_a
Goal number c2246275,T #4,fire_team_b,manoeuvre,false,n6,n4,type_a,1,120242,168846,210074,2,2,2,SwitchMode1,3,n_a
Goal number c2246275,T #5,fire_team_b,manoeuvre,false,n6,n4,type_b,2,13723,182634,210074,2,2,2,SwitchMode1,3,n_a
Goal number c2246275,T #6,fire_team_b,manoeuvre,false,n6,n1,type_b,3,27339,210024,210074,2,2,2,SwitchMode1,3,n_a
Goal number e596e775,T #1,fire_team_b,manoeuvre,false,n4,n1,type_a,3,60961,61019,235201,2,2,2,SwitchMode1,3,n_a
Goal number e596e775,T #2,fire_team_b,manoeuvre,false,n6,n3,type_c,2,19165,80239,235201,2,2,2,SwitchMode1,3,n_a
Goal number e596e775,T #3,fire_team_b,manoeuvre,false,n6,n4,type_c,1,15225,95523,235201,2,2,2,SwitchMode1,3,n_a
Goal number e596e775,T #4,fire_team_b,manoeuvre,false,n5,n1,type_b,3,39562,135131,235201,2,2,2,SwitchMode1,3,n_a
Goal number e596e775,T #5,fire_team_b,manoeuvre,false,n4,n4,type_a,1,79659,214822,235201,2,2,2,SwitchMode1,3,n_a
Goal number e596e775,T #6,fire_team_b,manoeuvre,false,n4,n4,type_b,3,20259,235153,235201,2,2,2,SwitchMode1,3,n_a
Goal number 3bee68cb,T #1,fire_team_b,manoeuvre,false,n6,n1,type_b,2,28745,28804,259768,2,4,0,SwitchMode1,3,n_a
Goal number 3bee68cb,T #2,fire_team_b,manoeuvre,false,n5,n3,type_b,1,80237,109102,259768,2,4,0,SwitchMode1,3,n_a
Goal number 3bee68cb,T #3,fire_team_b,manoeuvre,false,n6,n3,type_b,2,102408,211554,259768,2,4,0,SwitchMode1,3,n_a
Goal number 3bee68cb,T #4,fire_team_b,manoeuvre,false,n4,n6,type_b,2,7423,219030,259768,2,4,0,SwitchMode1,3,n_a
Goal number 3bee68cb,T #5,fire_team_b,manoeuvre,false,n4,n6,type_a,1,20267,239338,259768,2,4,0,SwitchMode1,3,n_a
Goal number 3bee68cb,T #6,fire_team_b,manoeuvre,false,n4,n4,type_a,1,20322,259724,259768,2,4,0,SwitchMode1,3,n_a
Goal number 530ce59d,T #1,fire_team_b,manoeuvre,false,n4,n4,type_c,2,92686,92757,219931,1,2,3,SwitchMode1,3,n_a
Goal number 530ce59d,T #2,fire_team_b,manoeuvre,false,n6,n6,type_c,2,14094,107014,219931,1,2,3,SwitchMode1,3,n_a
Goal number 530ce59d,T #3,fire_team_b,manoeuvre,false,n5,n5,type_a,2,36323,143369,219931,1,2,3,SwitchMode1,3,n_a
Goal number 530ce59d,T #4,fire_team_b,manoeuvre,false,n5,n4,type_c,1,45675,189093,219931,1,2,3,SwitchMode1,3,n_a
Goal number 530ce59d,T #5,fire_team_b,manoeuvre,false,n6,n3,type_b,1,18699,207860,219931,1,2,3,SwitchMode1,3,n_a
Goal number 530ce59d,T #6,fire_team_b,manoeuvre,false,n4,n6,type_b,2,11854,219868,219931,1,2,3,SwitchMode1,3,n_a
Goal number 20323ac1,T #1,fire_team_a,manoeuvre,false,n1,n4,type_a,2,40926,41009,357815,3,0,3,SwitchMode1,3,n_a
Goal number 20323ac1,T #2,fire_team_b,manoeuvre,false,n5,n2,type_c,1,10881,51963,357815,3,0,3,SwitchMode1,3,n_a
Goal number 20323ac1,T #3,fire_team_b,manoeuvre,false,n5,n6,type_a,1,124007,176024,357815,3,0,3,SwitchMode1,3,n_a
Goal number 20323ac1,T #4,fire_team_b,manoeuvre,false,n6,n4,type_a,3,34356,210425,357815,3,0,3,SwitchMode1,3,n_a
Goal number 20323ac1,T #5,fire_team_b,manoeuvre,false,n4,n3,type_c,3,141948,352426,357815,3,0,3,SwitchMode1,3,n_a
Goal number 20323ac1,T #6,fire_team_b,manoeuvre,false,n4,n2,type_c,1,5268,357771,357815,3,0,3,SwitchMode1,3,n_a
Goal number 22e0ae54,T #1,fire_team_b,manoeuvre,false,n5,n1,type_c,3,70680,70834,283187,1,1,4,SwitchMode1,3,n_a
Goal number 22e0ae54,T #2,fire_team_b,manoeuvre,false,n4,n1,type_c,2,126785,197669,283187,1,1,4,SwitchMode1,3,n_a
Goal number 22e0ae54,T #3,fire_team_b,manoeuvre,false,n6,n5,type_c,1,38906,236628,283187,1,1,4,SwitchMode1,3,n_a
Goal number 22e0ae54,T #4,fire_team_b,manoeuvre,false,n6,n3,type_a,3,33788,270486,283187,1,1,4,SwitchMode1,3,n_a
Goal number 22e0ae54,T #5,fire_team_b,manoeuvre,false,n6,n5,type_b,2,6994,277548,283187,1,1,4,SwitchMode1,3,n_a
Goal number 22e0ae54,T #6,fire_team_b,manoeuvre,false,n6,n2,type_c,1,5544,283143,283187,1,1,4,SwitchMode1,3,n_a
Goal number 944cb5a4,T #1,fire_team_b,manoeuvre,false,n4,n1,type_b,1,75522,75683,274767,3,1,2,SwitchMode1,3,n_a
Goal number 944cb5a4,T #2,fire_team_b,manoeuvre,false,n6,n6,type_c,2,85226,160954,274767,3,1,2,SwitchMode1,3,n_a
Goal number 944cb5a4,T #3,fire_team_b,manoeuvre,false,n5,n3,type_a,2,36018,197110,274767,3,1,2,SwitchMode1,3,n_a
Goal number 944cb5a4,T #4,fire_team_b,manoeuvre,false,n5,n6,type_a,3,35446,232620,274767,3,1,2,SwitchMode1,3,n_a
Goal number 944cb5a4,T #5,fire_team_b,manoeuvre,false,n4,n3,type_c,2,31682,264388,274767,3,1,2,SwitchMode1,3,n_a
Goal number 944cb5a4,T #6,fire_team_b,manoeuvre,false,n6,n5,type_a,1,10286,274716,274767,3,1,2,SwitchMode1,3,n_a
Goal number f6b82573,T #1,fire_team_b,manoeuvre,false,n5,n5,type_a,1,65325,65385,365880,3,0,3,SwitchMode1,3,n_a
Goal number f6b82573,T #2,fire_team_b,manoeuvre,false,n5,n3,type_a,3,258717,324157,365880,3,0,3,SwitchMode1,3,n_a
Goal number f6b82573,T #3,fire_team_b,manoeuvre,false,n5,n5,type_c,3,15542,339762,365880,3,0,3,SwitchMode1,3,n_a
Goal number f6b82573,T #4,fire_team_b,manoeuvre,false,n4,n5,type_a,1,10297,350124,365880,3,0,3,SwitchMode1,3,n_a
Goal number f6b82573,T #5,fire_team_b,manoeuvre,false,n5,n5,type_c,1,5281,355483,365880,3,0,3,SwitchMode1,3,n_a
Goal number f6b82573,T #6,fire_team_b,manoeuvre,false,n6,n2,type_c,2,10287,365845,365880,3,0,3,SwitchMode1,3,n_a
